ax;ay;az;gx;gy;gz;label
-0.078629;-0.072346;0.328973;-0.03067974;-0.1178783;-0.09664902;0
0.123647 ;0.040809 ;0.483791;-0.08271276;0.0107523 ;0.04062968 ;0
0.20000;0.400000;0.40000;-0.08271276;0.2107524;0.11062969;1
0.30000;0.500000;0.50000;-0.08271277;0.3107524;0.25062969;1